<application>
  <component name="CPPToolchains" version="7">
    <toolchains detectedVersion="5">
      <toolchain name="x86" toolSetKind="MSVC" toolSetPath="C:\Program Files (x86)\Microsoft Visual Studio\2019\Community" debuggerKind="BUNDLED_LLDB">
        <toolSetOption type="msvc.arch" value="x86" />
      </toolchain>
      <toolchain name="x64" toolSetKind="MSVC" toolSetPath="C:\Program Files (x86)\Microsoft Visual Studio\2019\Community" debuggerKind="BUNDLED_LLDB">
        <toolSetOption type="msvc.arch" value="amd64" />
        <toolSetOption type="version" value="8.1" />
      </toolchain>
      <toolchain name="MinGW" toolSetKind="MINGW" toolSetPath="C:\Program Files\mingw-w64\mingw64" debuggerKind="CUSTOM_GDB" customGDBPath="C:\Program Files\mingw-w64\mingw64\bin\gdb.exe" />
    </toolchains>
  </component>
</application>