<keymap version="1" name="Windows copy" parent="$default">
  <action id="CollapseAllRegions">
    <keyboard-shortcut first-keystroke="ctrl alt open_bracket" />
    <keyboard-shortcut first-keystroke="ctrl alt numpad0" />
  </action>
  <action id="ExpandAllRegions">
    <keyboard-shortcut first-keystroke="ctrl alt close_bracket" />
  </action>
  <action id="ExpandAllToLevel1">
    <keyboard-shortcut first-keystroke="shift ctrl multiply" second-keystroke="1" />
    <keyboard-shortcut first-keystroke="shift ctrl multiply" second-keystroke="numpad1" />
    <keyboard-shortcut first-keystroke="ctrl alt numpad1" />
  </action>
  <action id="ExpandAllToLevel2">
    <keyboard-shortcut first-keystroke="shift ctrl multiply" second-keystroke="2" />
    <keyboard-shortcut first-keystroke="shift ctrl multiply" second-keystroke="numpad2" />
    <keyboard-shortcut first-keystroke="ctrl alt numpad2" />
  </action>
  <action id="ExpandAllToLevel3">
    <keyboard-shortcut first-keystroke="shift ctrl multiply" second-keystroke="3" />
    <keyboard-shortcut first-keystroke="shift ctrl multiply" second-keystroke="numpad3" />
    <keyboard-shortcut first-keystroke="ctrl alt numpad3" />
  </action>
  <action id="ExpandAllToLevel4">
    <keyboard-shortcut first-keystroke="shift ctrl multiply" second-keystroke="4" />
    <keyboard-shortcut first-keystroke="shift ctrl multiply" second-keystroke="numpad4" />
    <keyboard-shortcut first-keystroke="ctrl alt numpad4" />
  </action>
  <action id="ExpandAllToLevel5">
    <keyboard-shortcut first-keystroke="shift ctrl multiply" second-keystroke="5" />
    <keyboard-shortcut first-keystroke="shift ctrl multiply" second-keystroke="numpad5" />
    <keyboard-shortcut first-keystroke="ctrl alt numpad5" />
  </action>
  <action id="NextProjectWindow" />
  <action id="PreviousProjectWindow" />
</keymap>